token,level,duration_min,output_token,output_amount,input_token_1,input_amount_1,input_token_2,input_amount_2,upgrade_token,upgrade_amount
MUD,1,0.1,MUD,1,EARTH,3,,,EARTH,1
MUD,2,0.166666667,MUD,2,EARTH,6,,,MUD,3
MUD,3,0.233333333,MUD,4,EARTH,12,,,MUD,6
MUD,4,0.616666667,MUD,14,EARTH,42,,,CLAY,2
MUD,5,1,MUD,28,EARTH,84,,,SAND,2
MUD,6,2,MUD,65,EARTH,195,,,SAND,4
MUD,7,5,MUD,185,EARTH,555,,,SAND,6
MUD,8,10,MUD,412,EARTH,1236,,,SAND,20
MUD,9,20,MUD,903,EARTH,2709,,,SAND,35
MUD,10,30,MUD,1470,EARTH,4410,,,SAND,50
MUD,11,40,MUD,2107,EARTH,6321,,,COPPER,2
MUD,12,44.98333333,MUD,2527,EARTH,7581,,,COPPER,3
MUD,13,50,MUD,2975,EARTH,8925,,,COPPER,5
MUD,14,54,MUD,3384,EARTH,10152,,,COPPER,8
MUD,15,57,MUD,3743,EARTH,11229,,,COPPER,12
MUD,16,60,MUD,4110,EARTH,12330,,,COPPER,16
MUD,17,62,MUD,4412,EARTH,13236,,,COPPER,21
MUD,18,64,MUD,4714,EARTH,14142,,,COPPER,26
MUD,19,66,MUD,5016,EARTH,15048,,,COPPER,32
MUD,20,68,MUD,5315,EARTH,15945,,,COPPER,39
MUD,21,70,MUD,5611,EARTH,16833,,,COPPER,47
MUD,22,72,MUD,5910,EARTH,17730,,,COPPER,55
MUD,23,74,MUD,6210,EARTH,18630,,,COPPER,64
MUD,24,76,MUD,6511,EARTH,19533,,,COPPER,75
MUD,25,78,MUD,6812,EARTH,20436,,,STEEL,17
MUD,26,80,MUD,7116,EARTH,21348,,,STEEL,20
MUD,27,82,MUD,7422,EARTH,22266,,,STEEL,23
MUD,28,83.98333333,MUD,7730,EARTH,23190,,,STEEL,26
MUD,29,86,MUD,8042,EARTH,24126,,,STEEL,30
MUD,30,88,MUD,8357,EARTH,25071,,,STEEL,34
MUD,31,90,MUD,8675,EARTH,26025,,,STEEL,39
MUD,32,91.75,MUD,8970,EARTH,26910,,,STEEL,44
MUD,33,93.5,MUD,9268,EARTH,27804,,,STEEL,50
MUD,34,95.25,MUD,9566,EARTH,28698,,,STEEL,56
MUD,35,97,MUD,9866,EARTH,29598,,,STEEL,64
MUD,36,98.75,MUD,10168,EARTH,30504,,,STEEL,72
MUD,37,100.5,MUD,10471,EARTH,31413,,,STEEL,81
MUD,38,102,MUD,10748,EARTH,32244,,,STEEL,91
MUD,39,103.5,MUD,11026,EARTH,33078,,,SCREWS,34
MUD,40,105,MUD,11306,EARTH,33918,,,SCREWS,39
MUD,41,106.4833333,MUD,11588,EARTH,34764,,,SCREWS,43
MUD,42,108,MUD,11872,EARTH,35616,,,SCREWS,49
MUD,43,109.5,MUD,12158,EARTH,36474,,,SCREWS,55
MUD,44,111,MUD,12445,EARTH,37335,,,SCREWS,62
MUD,45,112.5,MUD,12733,EARTH,38199,,,SCREWS,69
MUD,46,114,MUD,13023,EARTH,39069,,,SCREWS,78
MUD,47,115.5,MUD,13314,EARTH,39942,,,SCREWS,87
MUD,48,117,MUD,13605,EARTH,40815,,,SCREWS,100
MUD,49,118.5,MUD,13897,EARTH,41691,,,SCREWS,120
MUD,50,120,MUD,14192,EARTH,42576,,,SCREWS,150
CLAY,1,0.5,CLAY,1,MUD,10,,,EARTH,1
CLAY,2,0.5,CLAY,2,MUD,20,,,CLAY,1
CLAY,3,0.883333333,CLAY,5,MUD,50,,,SAND,1
CLAY,4,1.433333333,CLAY,10,MUD,100,,,CLAY,10
CLAY,5,5,CLAY,40,MUD,400,,,SAND,4
CLAY,6,11.21666667,CLAY,100,MUD,1000,,,SAND,7
CLAY,7,20.51666667,CLAY,200,MUD,2000,,,SAND,11
CLAY,8,30,CLAY,315,MUD,3150,,,SAND,28
CLAY,9,40,CLAY,448,MUD,4480,,,COPPER,1
CLAY,10,55.01666667,CLAY,652,MUD,6520,,,COPPER,2
CLAY,11,65.06666667,CLAY,810,MUD,8100,,,COPPER,3
CLAY,12,75,CLAY,975,MUD,9750,,,COPPER,5
CLAY,13,85.03333333,CLAY,1148,MUD,11480,,,COPPER,9
CLAY,14,94.93333333,CLAY,1326,MUD,13260,,,COPPER,14
CLAY,15,105,CLAY,1512,MUD,15120,,,COPPER,19
CLAY,16,115,CLAY,1702,MUD,17020,,,COPPER,26
CLAY,17,123.95,CLAY,1880,MUD,18800,,,COPPER,33
CLAY,18,132.45,CLAY,2053,MUD,20530,,,COPPER,42
CLAY,19,139.5333333,CLAY,2207,MUD,22070,,,COPPER,52
CLAY,20,146,CLAY,2353,MUD,23530,,,STEEL,13
CLAY,21,153.05,CLAY,2510,MUD,25100,,,STEEL,15
CLAY,22,159.6,CLAY,2660,MUD,26600,,,STEEL,19
CLAY,23,165.5166667,CLAY,2800,MUD,28000,,,STEEL,22
CLAY,24,171.35,CLAY,2940,MUD,29400,,,STEEL,27
CLAY,25,176.8166667,CLAY,3075,MUD,30750,,,STEEL,32
CLAY,26,181.9333333,CLAY,3205,MUD,32050,,,STEEL,37
CLAY,27,187.0166667,CLAY,3335,MUD,33350,,,STEEL,44
CLAY,28,191.7833333,CLAY,3460,MUD,34600,,,STEEL,52
CLAY,29,196.5333333,CLAY,3585,MUD,35850,,,STEEL,61
CLAY,30,201,CLAY,3705,MUD,37050,,,STEEL,71
CLAY,31,205.2,CLAY,3820,MUD,38200,,,STEEL,83
CLAY,32,209.4,CLAY,3935,MUD,39350,,,STEEL,98
CLAY,33,213.6333333,CLAY,4050,MUD,40500,,,SCREWS,38
CLAY,34,217.6166667,CLAY,4160,MUD,41600,,,SCREWS,44
CLAY,35,221.3666667,CLAY,4265,MUD,42650,,,SCREWS,52
CLAY,36,225.1666667,CLAY,4370,MUD,43700,,,SCREWS,60
CLAY,37,229,CLAY,4475,MUD,44750,,,SCREWS,70
CLAY,38,232.6333333,CLAY,4575,MUD,45750,,,SCREWS,82
CLAY,39,236.3166667,CLAY,4675,MUD,46750,,,SCREWS,100
CLAY,40,240,CLAY,4775,MUD,47750,,,SCREWS,150
SAND,1,2,SAND,1,CLAY,3,,,EARTH,1
SAND,2,2,SAND,2,CLAY,6,,,SAND,1
SAND,3,3.533333333,SAND,5,CLAY,15,,,SAND,5
SAND,4,5.55,SAND,10,CLAY,30,,,SAND,10
SAND,5,9.233333333,SAND,20,CLAY,60,,,SAND,17
SAND,6,15.9,SAND,40,CLAY,120,,,SAND,27
SAND,7,24.56666667,SAND,70,CLAY,210,,,SAND,40
SAND,8,39.46666667,SAND,125,CLAY,375,,,SAND,60
SAND,9,64.9,SAND,225,CLAY,675,,,COPPER,3
SAND,10,89.33333333,SAND,335,CLAY,1005,,,COPPER,5
SAND,11,113.2833333,SAND,455,CLAY,1365,,,COPPER,10
SAND,12,134.7666667,SAND,575,CLAY,1725,,,COPPER,15
SAND,13,151.9333333,SAND,685,CLAY,2055,,,COPPER,21
SAND,14,168.7166667,SAND,800,CLAY,2400,,,COPPER,28
SAND,15,185.2333333,SAND,920,CLAY,2760,,,COPPER,36
SAND,16,199.6833333,SAND,1035,CLAY,3105,,,COPPER,46
SAND,17,213.3,SAND,1150,CLAY,3450,,,COPPER,57
SAND,18,225.1666667,SAND,1260,CLAY,3780,,,COPPER,71
SAND,19,236.3833333,SAND,1370,CLAY,4110,,,COPPER,87
SAND,20,247.0166667,SAND,1480,CLAY,4440,,,COPPER,106
SAND,21,257.15,SAND,1590,CLAY,4770,,,STEEL,26
SAND,22,266.8333333,SAND,1700,CLAY,5100,,,STEEL,31
SAND,23,276.1666667,SAND,1810,CLAY,5430,,,STEEL,37
SAND,24,284.4,SAND,1915,CLAY,5745,,,STEEL,44
SAND,25,292.4,SAND,2020,CLAY,6060,,,STEEL,53
SAND,26,300.8833333,SAND,2130,CLAY,6390,,,STEEL,63
SAND,27,308.45,SAND,2235,CLAY,6705,,,STEEL,76
SAND,28,315.8666667,SAND,2340,CLAY,7020,,,STEEL,90
SAND,29,323.1333333,SAND,2445,CLAY,7335,,,STEEL,107
SAND,30,330.2833333,SAND,2550,CLAY,7650,,,SCREWS,42
SAND,31,336.6833333,SAND,2650,CLAY,7950,,,SCREWS,50
SAND,32,343.0333333,SAND,2750,CLAY,8250,,,SCREWS,59
SAND,33,349.3333333,SAND,2850,CLAY,8550,,,SCREWS,72
SAND,34,355.6,SAND,2950,CLAY,8850,,,SCREWS,105
SAND,35,360,SAND,3035,CLAY,9105,,,SCREWS,150
COPPER,1,60,COPPER,1,SAND,30,,,EARTH,1
COPPER,2,60,COPPER,2,SAND,60,,,COPPER,1
COPPER,3,82.76666667,COPPER,4,SAND,120,,,COPPER,2
COPPER,4,113.5166667,COPPER,7,SAND,210,,,COPPER,5
COPPER,5,161.8,COPPER,12,SAND,360,,,COPPER,12
COPPER,6,209.7166667,COPPER,18,SAND,540,,,COPPER,20
COPPER,7,257.2833333,COPPER,25,SAND,750,,,COPPER,29
COPPER,8,296.3,COPPER,32,SAND,960,,,COPPER,40
COPPER,9,329.1166667,COPPER,39,SAND,1170,,,COPPER,52
COPPER,10,350.2,COPPER,45,SAND,1350,,,COPPER,66
COPPER,11,361.8833333,COPPER,50,SAND,1500,,,COPPER,83
COPPER,12,373.3,COPPER,55,SAND,1650,,,COPPER,102
COPPER,13,384.2,COPPER,60,SAND,1800,,,STEEL,25
COPPER,14,395.1333333,COPPER,65,SAND,1950,,,STEEL,30
COPPER,15,405.8,COPPER,70,SAND,2100,,,STEEL,36
COPPER,16,416.2833333,COPPER,75,SAND,2250,,,STEEL,42
COPPER,17,421.3333333,COPPER,79,SAND,2370,,,STEEL,50
COPPER,18,426.7333333,COPPER,83,SAND,2490,,,STEEL,59
COPPER,19,432.4833333,COPPER,87,SAND,2610,,,STEEL,70
COPPER,20,438.2,COPPER,91,SAND,2730,,,STEEL,82
COPPER,21,443.9333333,COPPER,95,SAND,2850,,,STEEL,95
COPPER,22,449.6666667,COPPER,99,SAND,2970,,,SCREWS,37
COPPER,23,455.4166667,COPPER,103,SAND,3090,,,SCREWS,43
COPPER,24,461.2,COPPER,107,SAND,3210,,,SCREWS,50
COPPER,25,466.7166667,COPPER,111,SAND,3330,,,SCREWS,59
COPPER,26,472.2833333,COPPER,115,SAND,3450,,,SCREWS,68
COPPER,27,473.5833333,COPPER,118,SAND,3540,,,SCREWS,79
COPPER,28,475.1333333,COPPER,121,SAND,3630,,,SCREWS,95
COPPER,29,476.9166667,COPPER,124,SAND,3720,,,SCREWS,115
COPPER,30,480,COPPER,127,SAND,3810,,,SCREWS,150
SEAWATER,1,120,SEAWATER,1,WATER,16,,,EARTH,1
SEAWATER,2,120,SEAWATER,1,WATER,12,,,COPPER,6
SEAWATER,3,120,SEAWATER,1,WATER,10,,,COPPER,10
SEAWATER,4,120,SEAWATER,1,WATER,8.8,,,COPPER,14
SEAWATER,5,120,SEAWATER,1,WATER,8,,,COPPER,20
SEAWATER,6,120,SEAWATER,2,WATER,16,,,STEEL,5
SEAWATER,7,210,SEAWATER,4,WATER,32,,,STEEL,7
SEAWATER,8,315,SEAWATER,7,WATER,56,,,STEEL,9
SEAWATER,9,405,SEAWATER,10,WATER,80,,,STEEL,11
SEAWATER,10,375,SEAWATER,10,WATER,77.34,,,STEEL,14
SEAWATER,11,350,SEAWATER,10,WATER,75.06,,,STEEL,17
SEAWATER,12,330,SEAWATER,10,WATER,73.08,,,STEEL,20
SEAWATER,13,315,SEAWATER,10,WATER,71.34,,,STEEL,24
SEAWATER,14,300,SEAWATER,10,WATER,69.79,,,STEEL,29
SEAWATER,15,285,SEAWATER,10,WATER,68.4,,,STEEL,35
SEAWATER,16,275,SEAWATER,10,WATER,67.15,,,STEEL,42
SEAWATER,17,265,SEAWATER,10,WATER,66.01,,,SCREWS,17
SEAWATER,18,255,SEAWATER,10,WATER,64.96,,,SCREWS,20
SEAWATER,19,241,SEAWATER,10,WATER,64,,,SCREWS,24
SEAWATER,20,298,SEAWATER,13,WATER,83.2,,,SCREWS,28
SEAWATER,21,372,SEAWATER,17,WATER,108.8,,,SCREWS,33
SEAWATER,22,460,SEAWATER,22,WATER,140.8,,,SCREWS,39
SEAWATER,23,522,SEAWATER,26,WATER,166.4,,,SCREWS,47
SEAWATER,24,560,SEAWATER,29,WATER,185.6,,,SCREWS,55
SEAWATER,25,559,SEAWATER,30,WATER,192,,,SCREWS,65
SEAWATER,26,540,SEAWATER,30,WATER,192,,,SCREWS,77
SEAWATER,27,523,SEAWATER,30,WATER,180.68,,,SCREWS,91
SEAWATER,28,508,SEAWATER,30,WATER,172.18,,,SCREWS,108
SEAWATER,29,494,SEAWATER,30,WATER,165.47,,,SCREWS,127
SEAWATER,30,480,SEAWATER,30,WATER,160,,,SCREWS,150
HEAT,1,150,HEAT,1,FIRE,18,,,EARTH,1
HEAT,2,150,HEAT,1,FIRE,13.5,,,COPPER,6
HEAT,3,150,HEAT,1,FIRE,11.25,,,COPPER,10
HEAT,4,150,HEAT,1,FIRE,9.9,,,COPPER,14
HEAT,5,150,HEAT,1,FIRE,9,,,COPPER,20
HEAT,6,150,HEAT,2,FIRE,18,,,STEEL,5
HEAT,7,205,HEAT,3,FIRE,27,,,STEEL,7
HEAT,8,316,HEAT,5,FIRE,45,,,STEEL,9
HEAT,9,480,HEAT,8,FIRE,72,,,STEEL,11
HEAT,10,425,HEAT,8,FIRE,69.61,,,STEEL,14
HEAT,11,384,HEAT,8,FIRE,67.56,,,STEEL,17
HEAT,12,352,HEAT,8,FIRE,65.78,,,STEEL,20
HEAT,13,327,HEAT,8,FIRE,64.21,,,STEEL,24
HEAT,14,306,HEAT,8,FIRE,62.81,,,STEEL,29
HEAT,15,288,HEAT,8,FIRE,61.56,,,STEEL,35
HEAT,16,274,HEAT,8,FIRE,60.43,,,STEEL,42
HEAT,17,261,HEAT,8,FIRE,59.41,,,SCREWS,17
HEAT,18,250,HEAT,8,FIRE,58.47,,,SCREWS,20
HEAT,19,240,HEAT,8,FIRE,57.6,,,SCREWS,24
HEAT,20,276,HEAT,10,FIRE,72,,,SCREWS,28
HEAT,21,336,HEAT,13,FIRE,93.6,,,SCREWS,33
HEAT,22,417,HEAT,17,FIRE,122.4,,,SCREWS,39
HEAT,23,492,HEAT,21,FIRE,151.2,,,SCREWS,47
HEAT,24,563,HEAT,25,FIRE,180,,,SCREWS,55
HEAT,25,544,HEAT,25,FIRE,180,,,SCREWS,65
HEAT,26,528,HEAT,25,FIRE,180,,,SCREWS,77
HEAT,27,513,HEAT,25,FIRE,169.39,,,SCREWS,91
HEAT,28,501,HEAT,25,FIRE,161.41,,,SCREWS,108
HEAT,29,490,HEAT,25,FIRE,155.13,,,SCREWS,127
HEAT,30,480,HEAT,25,FIRE,150,,,SCREWS,150
ALGAE,1,360,ALGAE,1,SEAWATER,4,,,EARTH,1
ALGAE,2,600,ALGAE,2,SEAWATER,7.92,,,STEEL,3
ALGAE,3,510,ALGAE,2,SEAWATER,7.84,,,STEEL,5
ALGAE,4,450,ALGAE,2,SEAWATER,7.76,,,STEEL,8
ALGAE,5,810,ALGAE,4,SEAWATER,15.39,,,STEEL,11
ALGAE,6,720,ALGAE,4,SEAWATER,15.26,,,STEEL,15
ALGAE,7,630,ALGAE,4,SEAWATER,15.13,,,STEEL,20
ALGAE,8,540,ALGAE,4,SEAWATER,15.01,,,STEEL,26
ALGAE,9,480,ALGAE,4,SEAWATER,14.9,,,STEEL,34
ALGAE,10,690,ALGAE,6,SEAWATER,22.18,,,SCREWS,15
ALGAE,11,630,ALGAE,6,SEAWATER,22.02,,,SCREWS,19
ALGAE,12,570,ALGAE,6,SEAWATER,21.88,,,SCREWS,24
ALGAE,13,525,ALGAE,6,SEAWATER,21.73,,,SCREWS,30
ALGAE,14,480,ALGAE,6,SEAWATER,21.59,,,SCREWS,38
ALGAE,15,630,ALGAE,8,SEAWATER,28.61,,,SCREWS,48
ALGAE,16,570,ALGAE,8,SEAWATER,28.45,,,SCREWS,61
ALGAE,17,540,ALGAE,8,SEAWATER,28.28,,,SCREWS,76
ALGAE,18,510,ALGAE,8,SEAWATER,28.12,,,SCREWS,96
ALGAE,19,480,ALGAE,8,SEAWATER,27.97,,,SCREWS,120
ALGAE,20,480,ALGAE,10,SEAWATER,34.78,,,SCREWS,150
LAVA,1,480,LAVA,1,HEAT,4,,,EARTH,1
LAVA,2,780,LAVA,2,HEAT,7.92,,,STEEL,3
LAVA,3,690,LAVA,2,HEAT,7.84,,,STEEL,5
LAVA,4,630,LAVA,2,HEAT,7.76,,,STEEL,8
LAVA,5,900,LAVA,3,HEAT,11.54,,,STEEL,11
LAVA,6,795,LAVA,3,HEAT,11.44,,,STEEL,15
LAVA,7,705,LAVA,3,HEAT,11.35,,,STEEL,20
LAVA,8,630,LAVA,3,HEAT,11.26,,,STEEL,26
LAVA,9,570,LAVA,3,HEAT,11.17,,,STEEL,34
LAVA,10,750,LAVA,4,HEAT,14.79,,,STEEL,44
LAVA,11,690,LAVA,4,HEAT,14.68,,,STEEL,56
LAVA,12,615,LAVA,4,HEAT,14.58,,,SCREWS,24
LAVA,13,540,LAVA,4,HEAT,14.49,,,SCREWS,30
LAVA,14,480,LAVA,4,HEAT,14.4,,,SCREWS,38
LAVA,15,690,LAVA,6,HEAT,21.46,,,SCREWS,48
LAVA,16,615,LAVA,6,HEAT,21.33,,,SCREWS,61
LAVA,17,570,LAVA,6,HEAT,21.21,,,SCREWS,76
LAVA,18,525,LAVA,6,HEAT,21.09,,,SCREWS,96
LAVA,19,480,LAVA,6,HEAT,20.98,,,SCREWS,120
LAVA,20,480,LAVA,8,HEAT,27.83,,,SCREWS,150
CERAMICS,1,600,CERAMICS,1,CLAY,300,SEAWATER,3,EARTH,1
CERAMICS,2,960,CERAMICS,2,CLAY,593.75,SEAWATER,5.94,STEEL,3
CERAMICS,3,840,CERAMICS,2,CLAY,587.87,SEAWATER,5.88,STEEL,5
CERAMICS,4,750,CERAMICS,2,CLAY,582.32,SEAWATER,5.82,STEEL,8
CERAMICS,5,1050,CERAMICS,3,CLAY,865.62,SEAWATER,8.66,SCREWS,4
CERAMICS,6,930,CERAMICS,3,CLAY,858.16,SEAWATER,8.58,SCREWS,5
CERAMICS,7,825,CERAMICS,3,CLAY,851.08,SEAWATER,8.51,SCREWS,7
CERAMICS,8,735,CERAMICS,3,CLAY,844.34,SEAWATER,8.44,SCREWS,9
CERAMICS,9,660,CERAMICS,3,CLAY,837.92,SEAWATER,8.38,SCREWS,11
CERAMICS,10,870,CERAMICS,4,CLAY,1109.06,SEAWATER,11.09,CERAMICS,66
CERAMICS,11,780,CERAMICS,4,CLAY,1101.25,SEAWATER,11.01,CERAMICS,84
CERAMICS,12,705,CERAMICS,4,CLAY,1093.77,SEAWATER,10.94,CERAMICS,107
CERAMICS,13,645,CERAMICS,4,CLAY,1086.6,SEAWATER,10.87,STONE,45
CERAMICS,14,600,CERAMICS,4,CLAY,1079.71,SEAWATER,10.8,STONE,57
CERAMICS,15,750,CERAMICS,5,CLAY,1341.37,SEAWATER,13.41,CEMENT,11
CERAMICS,16,660,CERAMICS,5,CLAY,1333.42,SEAWATER,13.33,CEMENT,14
CERAMICS,17,585,CERAMICS,5,CLAY,1325.75,SEAWATER,13.26,ACID,38
CERAMICS,18,525,CERAMICS,5,CLAY,1318.37,SEAWATER,13.18,ACID,48
CERAMICS,19,480,CERAMICS,5,CLAY,1311.24,SEAWATER,13.11,ACID,60
CERAMICS,20,480,CERAMICS,6,CLAY,1565.22,SEAWATER,15.65,PLASTICS,9
STEEL,1,720,STEEL,1,COPPER,5,,,EARTH,1
STEEL,2,680,STEEL,1,COPPER,4.86,,,STEEL,3
STEEL,3,650,STEEL,1,COPPER,4.74,,,STEEL,5
STEEL,4,625,STEEL,1,COPPER,4.65,,,STEEL,8
STEEL,5,605,STEEL,1,COPPER,4.57,,,STEEL,11
STEEL,6,590,STEEL,1,COPPER,4.5,,,STEEL,15
STEEL,7,575,STEEL,1,COPPER,4.44,,,STEEL,20
STEEL,8,560,STEEL,1,COPPER,4.38,,,STEEL,26
STEEL,9,550,STEEL,1,COPPER,4.34,,,STEEL,34
STEEL,10,540,STEEL,1,COPPER,4.29,,,STEEL,44
STEEL,11,532,STEEL,1,COPPER,4.25,,,STEEL,56
STEEL,12,525,STEEL,1,COPPER,4.22,,,STEEL,72
STEEL,13,519,STEEL,1,COPPER,4.18,,,STEEL,91
STEEL,14,513,STEEL,1,COPPER,4.15,,,STEEL,115
STEEL,15,507,STEEL,1,COPPER,4.12,,,SCREWS,48
STEEL,16,500,STEEL,1,COPPER,4.09,,,SCREWS,61
STEEL,17,495,STEEL,1,COPPER,4.07,,,SCREWS,76
STEEL,18,490,STEEL,1,COPPER,4.04,,,SCREWS,96
STEEL,19,485,STEEL,1,COPPER,4.02,,,SCREWS,120
STEEL,20,480,STEEL,1,COPPER,4,,,SCREWS,150
OXYGEN,1,900,OXYGEN,1,ALGAE,3,,,EARTH,1
OXYGEN,2,1500,OXYGEN,2,ALGAE,5.94,,,SCREWS,3
OXYGEN,3,1260,OXYGEN,2,ALGAE,5.88,,,SCREWS,4
OXYGEN,4,1080,OXYGEN,2,ALGAE,5.82,,,SCREWS,5
OXYGEN,5,1560,OXYGEN,3,ALGAE,8.66,,,SCREWS,7
OXYGEN,6,1380,OXYGEN,3,ALGAE,8.58,,,SCREWS,9
OXYGEN,7,1260,OXYGEN,3,ALGAE,8.51,,,SCREWS,11
OXYGEN,8,1200,OXYGEN,3,ALGAE,8.44,,,SCREWS,13
OXYGEN,9,1140,OXYGEN,3,ALGAE,8.38,,,SCREWS,17
OXYGEN,10,1500,OXYGEN,4,ALGAE,11.09,,,SCREWS,21
OXYGEN,11,1320,OXYGEN,4,ALGAE,11.01,,,SCREWS,25
OXYGEN,12,1170,OXYGEN,4,ALGAE,10.94,,,SCREWS,31
OXYGEN,13,1050,OXYGEN,4,ALGAE,10.87,,,SCREWS,38
OXYGEN,14,960,OXYGEN,4,ALGAE,10.8,,,SCREWS,47
OXYGEN,15,1140,OXYGEN,5,ALGAE,13.41,,,SCREWS,58
OXYGEN,16,990,OXYGEN,5,ALGAE,13.33,,,SCREWS,70
OXYGEN,17,840,OXYGEN,5,ALGAE,13.26,,,SCREWS,86
OXYGEN,18,720,OXYGEN,5,ALGAE,13.18,,,SCREWS,104
OXYGEN,19,600,OXYGEN,5,ALGAE,13.11,,,SCREWS,127
OXYGEN,20,480,OXYGEN,6,ALGAE,15.65,,,SCREWS,155
GLASS,1,1080,GLASS,1,SAND,180,HEAT,8,EARTH,1
GLASS,2,1800,GLASS,2,SAND,356.25,HEAT,15.83,SCREWS,3
GLASS,3,1530,GLASS,2,SAND,352.72,HEAT,15.68,SCREWS,4
GLASS,4,1320,GLASS,2,SAND,349.39,HEAT,15.53,SCREWS,5
GLASS,5,1890,GLASS,3,SAND,519.37,HEAT,23.08,SCREWS,7
GLASS,6,1680,GLASS,3,SAND,514.9,HEAT,22.88,GLASS,21
GLASS,7,1500,GLASS,3,SAND,510.65,HEAT,22.7,GLASS,27
GLASS,8,1350,GLASS,3,SAND,506.61,HEAT,22.52,GLASS,34
GLASS,9,1230,GLASS,3,SAND,502.75,HEAT,22.34,GLASS,42
GLASS,10,1590,GLASS,4,SAND,665.43,HEAT,29.57,GLASS,52
GLASS,11,1380,GLASS,4,SAND,660.75,HEAT,29.37,GLASS,64
GLASS,12,1230,GLASS,4,SAND,656.26,HEAT,29.17,GLASS,78
GLASS,13,1110,GLASS,4,SAND,651.96,HEAT,28.98,GLASS,96
GLASS,14,1020,GLASS,4,SAND,647.83,HEAT,28.79,SULFUR,18
GLASS,15,1260,GLASS,5,SAND,804.82,HEAT,35.77,SULFUR,22
GLASS,16,1050,GLASS,5,SAND,800.05,HEAT,35.56,SULFUR,26
GLASS,17,870,GLASS,5,SAND,795.45,HEAT,35.35,SULFUR,32
GLASS,18,720,GLASS,5,SAND,791.02,HEAT,35.16,FIBERGLASS,11
GLASS,19,600,GLASS,5,SAND,786.74,HEAT,34.97,FIBERGLASS,14
GLASS,20,480,GLASS,6,SAND,939.13,HEAT,41.74,FIBERGLASS,17
GAS,1,1440,GAS,1,OXYGEN,2,,,EARTH,1
GAS,2,1290,GAS,1,OXYGEN,1.98,,,STEEL,13
GAS,3,1170,GAS,1,OXYGEN,1.96,,,STEEL,16
GAS,4,1080,GAS,1,OXYGEN,1.94,,,STEEL,21
GAS,5,990,GAS,1,OXYGEN,1.92,,,STEEL,27
GAS,6,900,GAS,1,OXYGEN,1.9,,,SCREWS,12
GAS,7,840,GAS,1,OXYGEN,1.89,,,SCREWS,15
GAS,8,780,GAS,1,OXYGEN,1.87,,,SCREWS,20
GAS,9,720,GAS,1,OXYGEN,1.85,,,SCREWS,27
GAS,10,1200,GAS,2,OXYGEN,3.67,,,SCREWS,36
GAS,11,960,GAS,2,OXYGEN,3.64,,,SCREWS,48
GAS,12,780,GAS,2,OXYGEN,3.6,,,SCREWS,65
GAS,13,600,GAS,2,OXYGEN,3.57,,,SCREWS,87
GAS,14,480,GAS,2,OXYGEN,3.54,,,SCREWS,118
GAS,15,480,GAS,3,OXYGEN,5.22,,,SCREWS,160
STONE,1,1680,STONE,1,COPPER,10,ALGAE,3,EARTH,1
STONE,2,1500,STONE,1,COPPER,9.9,ALGAE,2.97,STEEL,13
STONE,3,1350,STONE,1,COPPER,9.8,ALGAE,2.94,STEEL,16
STONE,4,1230,STONE,1,COPPER,9.71,ALGAE,2.91,STEEL,21
STONE,5,1140,STONE,1,COPPER,9.62,ALGAE,2.88,STEEL,27
STONE,6,1050,STONE,1,COPPER,9.52,ALGAE,2.86,SCREWS,12
STONE,7,960,STONE,1,COPPER,9.43,ALGAE,2.83,CERAMICS,68
STONE,8,870,STONE,1,COPPER,9.35,ALGAE,2.8,CERAMICS,90
STONE,9,780,STONE,1,COPPER,9.26,ALGAE,2.78,STONE,40
STONE,10,1320,STONE,2,COPPER,18.35,ALGAE,5.5,STONE,53
STONE,11,1080,STONE,2,COPPER,18.18,ALGAE,5.45,CEMENT,11
STONE,12,870,STONE,2,COPPER,18.02,ALGAE,5.41,CEMENT,15
STONE,13,660,STONE,2,COPPER,17.86,ALGAE,5.36,ACID,44
STONE,14,480,STONE,2,COPPER,17.7,ALGAE,5.31,ACID,59
STONE,15,480,STONE,3,COPPER,26.09,ALGAE,7.83,PLASTICS,10
STEAM,1,1920,STEAM,1,OXYGEN,2,LAVA,4,EARTH,1
STEAM,2,1680,STEAM,1,OXYGEN,1.98,LAVA,3.96,SCREWS,4
STEAM,3,1470,STEAM,1,OXYGEN,1.96,LAVA,3.92,SCREWS,5
STEAM,4,1290,STEAM,1,OXYGEN,1.94,LAVA,3.88,SCREWS,7
STEAM,5,1170,STEAM,1,OXYGEN,1.92,LAVA,3.85,SCREWS,9
STEAM,6,1080,STEAM,1,OXYGEN,1.9,LAVA,3.81,SCREWS,12
STEAM,7,990,STEAM,1,OXYGEN,1.89,LAVA,3.77,SCREWS,15
STEAM,8,900,STEAM,1,OXYGEN,1.87,LAVA,3.74,SCREWS,20
STEAM,9,810,STEAM,1,OXYGEN,1.85,LAVA,3.7,SCREWS,27
STEAM,10,1410,STEAM,2,OXYGEN,3.67,LAVA,7.34,SCREWS,36
STEAM,11,1140,STEAM,2,OXYGEN,3.64,LAVA,7.27,SCREWS,48
STEAM,12,900,STEAM,2,OXYGEN,3.6,LAVA,7.21,SCREWS,65
STEAM,13,690,STEAM,2,OXYGEN,3.57,LAVA,7.14,SCREWS,87
STEAM,14,480,STEAM,2,OXYGEN,3.54,LAVA,7.08,SCREWS,118
STEAM,15,480,STEAM,3,OXYGEN,5.22,LAVA,10.43,SCREWS,160
SCREWS,1,2880,SCREWS,1,STEEL,3,,,EARTH,1
SCREWS,2,2100,SCREWS,1,STEEL,2.98,,,SCREWS,3
SCREWS,3,1680,SCREWS,1,STEEL,2.96,,,SCREWS,5
SCREWS,4,1380,SCREWS,1,STEEL,2.94,,,SCREWS,7
SCREWS,5,1170,SCREWS,1,STEEL,2.91,,,SCREWS,10
SCREWS,6,1020,SCREWS,1,STEEL,2.88,,,SCREWS,13
SCREWS,7,900,SCREWS,1,STEEL,2.85,,,SCREWS,18
SCREWS,8,810,SCREWS,1,STEEL,2.81,,,SCREWS,24
SCREWS,9,735,SCREWS,1,STEEL,2.77,,,SCREWS,32
SCREWS,10,675,SCREWS,1,STEEL,2.72,,,SCREWS,42
SCREWS,11,620,SCREWS,1,STEEL,2.67,,,SCREWS,55
SCREWS,12,570,SCREWS,1,STEEL,2.61,,,SCREWS,72
SCREWS,13,530,SCREWS,1,STEEL,2.55,,,SCREWS,93
SCREWS,14,500,SCREWS,1,STEEL,2.48,,,SCREWS,120
SCREWS,15,480,SCREWS,1,STEEL,2.4,,,SCREWS,155
FUEL,1,3360,FUEL,1,GAS,3,,,EARTH,1
FUEL,2,2760,FUEL,1,GAS,2.97,,,SCREWS,8
FUEL,3,2400,FUEL,1,GAS,2.94,,,SCREWS,9
FUEL,4,2100,FUEL,1,GAS,2.91,,,SCREWS,10
FUEL,5,1800,FUEL,1,GAS,2.88,,,SCREWS,12
FUEL,6,1560,FUEL,1,GAS,2.86,,,SCREWS,14
FUEL,7,1380,FUEL,1,GAS,2.83,,,SCREWS,17
FUEL,8,1200,FUEL,1,GAS,2.8,,,SCREWS,22
FUEL,9,1080,FUEL,1,GAS,2.78,,,SCREWS,28
FUEL,10,960,FUEL,1,GAS,2.75,,,SCREWS,37
FUEL,11,840,FUEL,1,GAS,2.73,,,SCREWS,49
FUEL,12,720,FUEL,1,GAS,2.7,,,SCREWS,66
FUEL,13,630,FUEL,1,GAS,2.68,,,SCREWS,90
FUEL,14,540,FUEL,1,GAS,2.65,,,SCREWS,123
FUEL,15,480,FUEL,1,GAS,2.61,,,SCREWS,170
CEMENT,1,3840,CEMENT,1,CERAMICS,10,STONE,3,EARTH,1
CEMENT,2,3120,CEMENT,1,CERAMICS,9.9,STONE,2.97,SCREWS,8
CEMENT,3,2700,CEMENT,1,CERAMICS,9.8,STONE,2.94,SCREWS,9
CEMENT,4,2340,CEMENT,1,CERAMICS,9.71,STONE,2.91,SCREWS,10
CEMENT,5,2040,CEMENT,1,CERAMICS,9.62,STONE,2.88,CERAMICS,53
CEMENT,6,1800,CEMENT,1,CERAMICS,9.52,STONE,2.86,CERAMICS,63
CEMENT,7,1820,CEMENT,1,CERAMICS,9.43,STONE,2.83,STONE,26
CEMENT,8,1440,CEMENT,1,CERAMICS,9.35,STONE,2.8,STONE,33
CEMENT,9,1260,CEMENT,1,CERAMICS,9.26,STONE,2.78,STONE,42
CEMENT,10,1080,CEMENT,1,CERAMICS,9.17,STONE,2.75,CEMENT,9
CEMENT,11,900,CEMENT,1,CERAMICS,9.09,STONE,2.73,CEMENT,12
CEMENT,12,750,CEMENT,1,CERAMICS,9.01,STONE,2.7,ACID,33
CEMENT,13,630,CEMENT,1,CERAMICS,8.93,STONE,2.68,ACID,45
CEMENT,14,540,CEMENT,1,CERAMICS,8.85,STONE,2.65,PLASTICS,7
CEMENT,15,480,CEMENT,1,CERAMICS,8.7,STONE,2.61,PLASTICS,10
OIL,1,5760,OIL,1,FUEL,3,,,EARTH,1
OIL,2,4320,OIL,1,FUEL,2.96,,,SCREWS,10
OIL,3,3360,OIL,1,FUEL,2.93,,,SCREWS,15
OIL,4,2760,OIL,1,FUEL,2.89,,,SCREWS,23
OIL,5,2280,OIL,1,FUEL,2.85,,,SCREWS,33
OIL,6,1920,OIL,1,FUEL,2.8,,,SCREWS,47
OIL,7,1560,OIL,1,FUEL,2.76,,,SCREWS,66
OIL,8,1200,OIL,1,FUEL,2.71,,,SCREWS,91
OIL,9,900,OIL,1,FUEL,2.66,,,SCREWS,127
OIL,10,600,OIL,1,FUEL,2.61,,,SCREWS,175
ACID,1,6480,ACID,1,SCREWS,2,FUEL,2,EARTH,1
ACID,2,4680,ACID,1,SCREWS,1.98,FUEL,1.98,SCREWS,10
ACID,3,3660,ACID,1,SCREWS,1.95,FUEL,1.95,CERAMICS,69
ACID,4,3000,ACID,1,SCREWS,1.93,FUEL,1.93,CERAMICS,102
ACID,5,2460,ACID,1,SCREWS,1.9,FUEL,1.9,STONE,49
ACID,6,2040,ACID,1,SCREWS,1.87,FUEL,1.87,STONE,70
ACID,7,1620,ACID,1,SCREWS,1.84,FUEL,1.84,CEMENT,16
ACID,8,1260,ACID,1,SCREWS,1.81,FUEL,1.81,ACID,46
ACID,9,900,ACID,1,SCREWS,1.77,FUEL,1.77,ACID,63
ACID,10,600,ACID,1,SCREWS,1.74,FUEL,1.74,PLASTICS,11
SULFUR,1,7200,SULFUR,1,STEEL,8,LAVA,10,EARTH,1
SULFUR,2,5040,SULFUR,1,STEEL,7.91,LAVA,9.88,SCREWS,10
SULFUR,3,3960,SULFUR,1,STEEL,7.81,LAVA,9.76,GLASS,38
SULFUR,4,3240,SULFUR,1,STEEL,7.7,LAVA,9.63,GLASS,57
SULFUR,5,2640,SULFUR,1,STEEL,7.59,LAVA,9.49,GLASS,82
SULFUR,6,2160,SULFUR,1,STEEL,7.48,LAVA,9.35,SULFUR,17
SULFUR,7,1680,SULFUR,1,STEEL,7.36,LAVA,9.19,SULFUR,25
SULFUR,8,1260,SULFUR,1,STEEL,7.23,LAVA,9.04,SULFUR,34
SULFUR,9,900,SULFUR,1,STEEL,7.1,LAVA,8.87,FIBERGLASS,14
SULFUR,10,600,SULFUR,1,STEEL,6.96,LAVA,8.7,FIBERGLASS,19
PLASTICS,1,10080,PLASTICS,1,CEMENT,3,ACID,2,EARTH,1
PLASTICS,2,7200,PLASTICS,1,CEMENT,2.96,ACID,1.98,SCREWS,15
PLASTICS,3,5280,PLASTICS,1,CEMENT,2.93,ACID,1.95,CERAMICS,79
PLASTICS,4,3840,PLASTICS,1,CEMENT,2.89,ACID,1.93,CERAMICS,96
PLASTICS,5,2880,PLASTICS,1,CEMENT,2.85,ACID,1.9,STONE,41
PLASTICS,6,2160,PLASTICS,1,CEMENT,2.8,ACID,1.87,STONE,56
PLASTICS,7,1680,PLASTICS,1,CEMENT,2.76,ACID,1.84,CEMENT,13
PLASTICS,8,1320,PLASTICS,1,CEMENT,2.71,ACID,1.81,ACID,41
PLASTICS,9,1020,PLASTICS,1,CEMENT,2.66,ACID,1.77,ACID,63
PLASTICS,10,720,PLASTICS,1,CEMENT,2.61,ACID,1.74,PLASTICS,12
FIBERGLASS,1,11520,FIBERGLASS,1,GLASS,10,SULFUR,2,EARTH,1
FIBERGLASS,2,7920,FIBERGLASS,1,GLASS,9.88,SULFUR,1.98,SCREWS,15
FIBERGLASS,3,5520,FIBERGLASS,1,GLASS,9.76,SULFUR,1.95,GLASS,44
FIBERGLASS,4,3840,FIBERGLASS,1,GLASS,9.63,SULFUR,1.93,GLASS,53
FIBERGLASS,5,2880,FIBERGLASS,1,GLASS,9.49,SULFUR,1.9,GLASS,69
FIBERGLASS,6,2160,FIBERGLASS,1,GLASS,9.35,SULFUR,1.87,SULFUR,14
FIBERGLASS,7,1680,FIBERGLASS,1,GLASS,9.19,SULFUR,1.84,SULFUR,20
FIBERGLASS,8,1320,FIBERGLASS,1,GLASS,9.04,SULFUR,1.81,SULFUR,30
FIBERGLASS,9,1020,FIBERGLASS,1,GLASS,8.87,SULFUR,1.77,SULFUR,47
FIBERGLASS,10,720,FIBERGLASS,1,GLASS,8.7,SULFUR,1.74,FIBERGLASS,21
ENERGY,1,12960,ENERGY,1,OIL,2,HEAT,72,EARTH,1
ENERGY,2,8640,ENERGY,1,OIL,1.98,HEAT,71.16,SCREWS,15
ENERGY,3,5760,ENERGY,1,OIL,1.95,HEAT,70.27,SCREWS,18
ENERGY,4,3840,ENERGY,1,OIL,1.93,HEAT,69.33,SCREWS,21
ENERGY,5,2880,ENERGY,1,OIL,1.9,HEAT,68.34,SCREWS,27
ENERGY,6,2160,ENERGY,1,OIL,1.87,HEAT,67.3,SCREWS,37
ENERGY,7,1680,ENERGY,1,OIL,1.84,HEAT,66.2,SCREWS,54
ENERGY,8,1320,ENERGY,1,OIL,1.81,HEAT,65.06,SCREWS,81
ENERGY,9,1020,ENERGY,1,OIL,1.77,HEAT,63.86,SCREWS,126
ENERGY,10,720,ENERGY,1,OIL,1.74,HEAT,62.61,SCREWS,200
HYDROGEN,1,14400,HYDROGEN,1,STEAM,7,ENERGY,2,EARTH,1
HYDROGEN,2,8640,HYDROGEN,1,STEAM,6.8,ENERGY,1.94,SCREWS,20
HYDROGEN,3,4320,HYDROGEN,1,STEAM,6.6,ENERGY,1.89,SCREWS,30
HYDROGEN,4,2400,HYDROGEN,1,STEAM,6.36,ENERGY,1.82,SCREWS,70
HYDROGEN,5,1440,HYDROGEN,1,STEAM,6.09,ENERGY,1.74,SCREWS,200
DYNAMITE,1,20160,DYNAMITE,1,FIBERGLASS,3,PLASTICS,2,EARTH,1
DYNAMITE,2,11520,DYNAMITE,1,FIBERGLASS,2.91,PLASTICS,1.94,SCREWS,20
DYNAMITE,3,5760,DYNAMITE,1,FIBERGLASS,2.83,PLASTICS,1.89,SCREWS,30
DYNAMITE,4,2880,DYNAMITE,1,FIBERGLASS,2.73,PLASTICS,1.82,SCREWS,70
DYNAMITE,5,1440,DYNAMITE,1,FIBERGLASS,2.61,PLASTICS,1.74,SCREWS,200
FISHBONE,1,0.166666667,FISHBONE,10,DYNOFISH,10,,,DYNOFISH,1
FISHBONE,2,0.25,FISHBONE,20,DYNOFISH,20,,,FISHBONE,18
FISHBONE,3,0.5,FISHBONE,42,DYNOFISH,42,,,FISHBONE,34
FISHBONE,4,0.75,FISHBONE,75,DYNOFISH,75,,,FISHBONE,56
FISHBONE,5,1,FISHBONE,115,DYNOFISH,115,,,FISHBONE,86
FISHBONE,6,1.333333333,FISHBONE,160,DYNOFISH,160,,,BONESOUP,11
FISHBONE,7,1.666666667,FISHBONE,206,DYNOFISH,206,,,FUGU,4
FISHBONE,8,2,FISHBONE,260,DYNOFISH,260,,,BONESOUP,22
FISHBONE,9,2.5,FISHBONE,342,DYNOFISH,342,,,FUGU,7
FISHBONE,10,3,FISHBONE,430,DYNOFISH,430,,,BONESOUP,43
FISHBONE,11,3.75,FISHBONE,560,DYNOFISH,560,,,FUGU,14
FISHBONE,12,4.666666667,FISHBONE,715,DYNOFISH,715,,,RAWRVIOLI,7
FISHBONE,13,6.5,FISHBONE,1025,DYNOFISH,1025,,,SUSHI,4
FISHBONE,14,9,FISHBONE,1425,DYNOFISH,1425,,,RAWRVIOLI,11
FISHBONE,15,11.75,FISHBONE,1900,DYNOFISH,1900,,,SUSHI,6
FISHBONE,16,14.5,FISHBONE,2400,DYNOFISH,2400,,,RAWRVIOLI,17
FISHBONE,17,18,FISHBONE,3000,DYNOFISH,3000,,,SUSHI,11
FISHBONE,18,22,FISHBONE,3750,DYNOFISH,3750,,,DYNODESSERT,1
FISHBONE,19,26,FISHBONE,4685,DYNOFISH,4685,,,SASHIMI,2
FISHBONE,20,31,FISHBONE,5765,DYNOFISH,5765,,,DYNODESSERT,2
FISHBONE,21,36.75,FISHBONE,7050,DYNOFISH,7050,,,SASHIMI,3
FISHBONE,22,42.75,FISHBONE,8590,DYNOFISH,8590,,,DYNODESSERT,4
FISHBONE,23,49.5,FISHBONE,10425,DYNOFISH,10425,,,SASHIMI,6
FISHBONE,24,57,FISHBONE,12614,DYNOFISH,12614,,,DYNODESSERT,9
FISHBONE,25,65,FISHBONE,15226,DYNOFISH,15226,,,SASHIMI,12
FISHBONE,26,90,FISHBONE,22011,DYNOFISH,22011,,,LOBSTER,2
FISHBONE,27,115,FISHBONE,30199,DYNOFISH,30199,,,LOBSTER,3
FISHBONE,28,138,FISHBONE,38084,DYNOFISH,38084,,,LOBSTER,4
FISHBONE,29,160,FISHBONE,47086,DYNOFISH,47086,,,LOBSTER,5
FISHBONE,30,182,FISHBONE,57634,DYNOFISH,57634,,,LOBSTER,6
FISHBONE,31,202,FISHBONE,64725,DYNOFISH,64725,,,LOBSTER,8
FISHBONE,32,222,FISHBONE,71919,DYNOFISH,71919,,,LOBSTER,10
FISHBONE,33,241,FISHBONE,78878,DYNOFISH,78878,,,LOBSTER,12
FISHBONE,34,260,FISHBONE,85728,DYNOFISH,85728,,,LOBSTER,15
FISHBONE,35,278,FISHBONE,92995,DYNOFISH,92995,,,LOBSTER,19
FISHBONE,36,295,FISHBONE,100444,DYNOFISH,100444,,,LOBSTER,23
FISHBONE,37,312,FISHBONE,108550,DYNOFISH,108550,,,LOBSTER,27
FISHBONE,38,329,FISHBONE,117527,DYNOFISH,117527,,,LOBSTER,33
FISHBONE,39,345,FISHBONE,127243,DYNOFISH,127243,,,LOBSTER,40
FISHBONE,40,360,FISHBONE,138000,DYNOFISH,138000,,,LOBSTER,49
BONESOUP,1,0.25,BONESOUP,1,FISHBONE,12,,,DYNOFISH,1
BONESOUP,2,0.25,BONESOUP,2,FISHBONE,24,,,BONESOUP,3
BONESOUP,3,0.333333333,BONESOUP,3,FISHBONE,36,,,BONESOUP,6
BONESOUP,4,0.5,BONESOUP,5,FISHBONE,60,,,BONESOUP,9
BONESOUP,5,0.75,BONESOUP,8,FISHBONE,96,,,BONESOUP,13
BONESOUP,6,1,BONESOUP,11,FISHBONE,132,,,BONESOUP,19
BONESOUP,7,1.5,BONESOUP,17,FISHBONE,204,,,FUGU,6
BONESOUP,8,2,BONESOUP,23,FISHBONE,276,,,FUGU,9
BONESOUP,9,2.5,BONESOUP,30,FISHBONE,360,,,FUGU,12
BONESOUP,10,3.25,BONESOUP,40,FISHBONE,480,,,RAWRVIOLI,6
BONESOUP,11,4,BONESOUP,52,FISHBONE,624,,,RAWRVIOLI,7
BONESOUP,12,5.5,BONESOUP,73,FISHBONE,876,,,RAWRVIOLI,9
BONESOUP,13,7,BONESOUP,95,FISHBONE,1140,,,RAWRVIOLI,11
BONESOUP,14,9,BONESOUP,125,FISHBONE,1500,,,SUSHI,7
BONESOUP,15,11,BONESOUP,160,FISHBONE,1920,,,SUSHI,9
BONESOUP,16,14,BONESOUP,205,FISHBONE,2460,,,SUSHI,13
BONESOUP,17,17.75,BONESOUP,265,FISHBONE,3180,,,SUSHI,17
BONESOUP,18,22.25,BONESOUP,340,FISHBONE,4080,,,DYNODESSERT,2
BONESOUP,19,27.5,BONESOUP,425,FISHBONE,5100,,,DYNODESSERT,3
BONESOUP,20,35,BONESOUP,545,FISHBONE,6540,,,DYNODESSERT,4
BONESOUP,21,42.5,BONESOUP,690,FISHBONE,8280,,,SASHIMI,5
BONESOUP,22,52.33333333,BONESOUP,885,FISHBONE,10620,,,SASHIMI,9
BONESOUP,23,60,BONESOUP,1150,FISHBONE,13800,,,SASHIMI,13
BONESOUP,24,75,BONESOUP,1475,FISHBONE,17700,,,SASHIMI,17
BONESOUP,25,90,BONESOUP,1830,FISHBONE,21960,,,LOBSTER,3
BONESOUP,26,120,BONESOUP,2450,FISHBONE,29312.05,,,LOBSTER,4
BONESOUP,27,140,BONESOUP,3020,FISHBONE,36023.77,,,LOBSTER,5
BONESOUP,28,165,BONESOUP,3850,FISHBONE,45765.34,,,LOBSTER,6
BONESOUP,29,200,BONESOUP,4900,FISHBONE,58016.98,,,LOBSTER,8
BONESOUP,30,240,BONESOUP,6250,FISHBONE,73673.75,,,LOBSTER,10
BONESOUP,31,258,BONESOUP,7328,FISHBONE,85875.37,,,LOBSTER,12
BONESOUP,32,270,BONESOUP,8232,FISHBONE,95859.99,,,LOBSTER,15
BONESOUP,33,288,BONESOUP,9320,FISHBONE,107693.53,,,LOBSTER,18
BONESOUP,34,300,BONESOUP,10209,FISHBONE,116952.26,,,LOBSTER,22
BONESOUP,35,312,BONESOUP,11094,FISHBONE,125770.46,,,LOBSTER,26
BONESOUP,36,324,BONESOUP,11993,FISHBONE,134313.2,,,LOBSTER,31
BONESOUP,37,330,BONESOUP,12628,FISHBONE,139471.21,,,LOBSTER,37
BONESOUP,38,342,BONESOUP,13514,FISHBONE,146891.77,,,LOBSTER,44
BONESOUP,39,354,BONESOUP,14382,FISHBONE,153408.48,,,LOBSTER,52
BONESOUP,40,360,BONESOUP,15000,FISHBONE,156522,,,LOBSTER,62
FUGU,1,0.666666667,FUGU,1,FISHBONE,50,,,DYNOFISH,1
FUGU,2,1,FUGU,2,FISHBONE,100,,,FUGU,2
FUGU,3,1.333333333,FUGU,3,FISHBONE,150,,,FUGU,4
FUGU,4,1.75,FUGU,4,FISHBONE,200,,,FUGU,6
FUGU,5,2.5,FUGU,6,FISHBONE,300,,,FUGU,8
FUGU,6,3.25,FUGU,8,FISHBONE,400,,,FUGU,12
FUGU,7,4,FUGU,10,FISHBONE,500,,,FUGU,16
FUGU,8,5,FUGU,13,FISHBONE,650,,,RAWRVIOLI,7
FUGU,9,6.333333333,FUGU,17,FISHBONE,850,,,RAWRVIOLI,10
FUGU,10,8,FUGU,22,FISHBONE,1100,,,RAWRVIOLI,13
FUGU,11,9.5,FUGU,27,FISHBONE,1350,,,RAWRVIOLI,17
FUGU,12,12,FUGU,35,FISHBONE,1750,,,RAWRVIOLI,18
FUGU,13,15,FUGU,44,FISHBONE,2200,,,SUSHI,10
FUGU,14,17.5,FUGU,54,FISHBONE,2700,,,SUSHI,11
FUGU,15,20,FUGU,62,FISHBONE,3100,,,SUSHI,13
FUGU,16,26,FUGU,86,FISHBONE,4300,,,SUSHI,16
FUGU,17,31.33333333,FUGU,106,FISHBONE,5300,,,DYNODESSERT,2
FUGU,18,37.5,FUGU,131,FISHBONE,6550,,,DYNODESSERT,2
FUGU,19,45,FUGU,163,FISHBONE,8150,,,DYNODESSERT,3
FUGU,20,52.5,FUGU,203,FISHBONE,10150,,,DYNODESSERT,4
FUGU,21,60,FUGU,252,FISHBONE,12600,,,SASHIMI,4
FUGU,22,75,FUGU,318,FISHBONE,15900,,,SASHIMI,6
FUGU,23,90,FUGU,389,FISHBONE,19450,,,SASHIMI,8
FUGU,24,105,FUGU,482,FISHBONE,24100,,,LOBSTER,2
FUGU,25,120,FUGU,598,FISHBONE,29900,,,LOBSTER,3
FUGU,26,150,FUGU,750,FISHBONE,37387.8,,,LOBSTER,4
FUGU,27,180,FUGU,920,FISHBONE,45725.66,,,LOBSTER,5
FUGU,28,210,FUGU,1140,FISHBONE,56463.63,,,LOBSTER,6
FUGU,29,255,FUGU,1425,FISHBONE,70300.95,,,LOBSTER,8
FUGU,30,300,FUGU,1698,FISHBONE,83398.8,,,LOBSTER,10
FUGU,31,306,FUGU,1807,FISHBONE,88232.38,,,LOBSTER,12
FUGU,32,318,FUGU,1955,FISHBONE,94856.8,,,LOBSTER,15
FUGU,33,324,FUGU,2070,FISHBONE,99663.05,,,LOBSTER,18
FUGU,34,330,FUGU,2183,FISHBONE,104200.48,,,LOBSTER,22
FUGU,35,336,FUGU,2299,FISHBONE,108597.17,,,LOBSTER,26
FUGU,36,342,FUGU,2417,FISHBONE,112785.92,,,LOBSTER,31
FUGU,37,348,FUGU,2532,FISHBONE,116520.87,,,LOBSTER,37
FUGU,38,348,FUGU,2610,FISHBONE,118206.64,,,LOBSTER,44
FUGU,39,354,FUGU,2729,FISHBONE,121288.77,,,LOBSTER,52
FUGU,40,360,FUGU,2850,FISHBONE,123913.16,,,LOBSTER,62
RAWRVIOLI,1,3,RAWRVIOLI,1,BONESOUP,12,,,DYNOFISH,1
RAWRVIOLI,2,3,RAWRVIOLI,2,BONESOUP,24,,,RAWRVIOLI,2
RAWRVIOLI,3,3.5,RAWRVIOLI,3,BONESOUP,36,,,RAWRVIOLI,6
RAWRVIOLI,4,4.25,RAWRVIOLI,4,BONESOUP,48,,,RAWRVIOLI,10
RAWRVIOLI,5,5,RAWRVIOLI,5,BONESOUP,60,,,RAWRVIOLI,16
RAWRVIOLI,6,7.5,RAWRVIOLI,8,BONESOUP,96,,,RAWRVIOLI,23
RAWRVIOLI,7,10,RAWRVIOLI,12,BONESOUP,144,,,SUSHI,16
RAWRVIOLI,8,15,RAWRVIOLI,20,BONESOUP,240,,,SUSHI,22
RAWRVIOLI,9,20,RAWRVIOLI,30,BONESOUP,360,,,SUSHI,31
RAWRVIOLI,10,30,RAWRVIOLI,48,BONESOUP,576,,,SUSHI,43
RAWRVIOLI,11,45,RAWRVIOLI,74,BONESOUP,888,,,DYNODESSERT,5
RAWRVIOLI,12,60,RAWRVIOLI,103,BONESOUP,1236,,,DYNODESSERT,7
RAWRVIOLI,13,75,RAWRVIOLI,137,BONESOUP,1644,,,DYNODESSERT,9
RAWRVIOLI,14,90,RAWRVIOLI,177,BONESOUP,2124,,,DYNODESSERT,12
RAWRVIOLI,15,108,RAWRVIOLI,227,BONESOUP,2724,,,SASHIMI,15
RAWRVIOLI,16,123,RAWRVIOLI,280,BONESOUP,3360,,,SASHIMI,20
RAWRVIOLI,17,135,RAWRVIOLI,331,BONESOUP,3972,,,SASHIMI,26
RAWRVIOLI,18,150,RAWRVIOLI,396,BONESOUP,4752,,,SASHIMI,30
RAWRVIOLI,19,165,RAWRVIOLI,470,BONESOUP,5640,,,SASHIMI,36
RAWRVIOLI,20,180,RAWRVIOLI,554,BONESOUP,6648,,,LOBSTER,7
RAWRVIOLI,21,192,RAWRVIOLI,627,BONESOUP,7512.71,,,LOBSTER,9
RAWRVIOLI,22,207,RAWRVIOLI,716,BONESOUP,8566.3,,,LOBSTER,10
RAWRVIOLI,23,219,RAWRVIOLI,799,BONESOUP,9545.01,,,LOBSTER,12
RAWRVIOLI,24,231,RAWRVIOLI,883,BONESOUP,10527.57,,,LOBSTER,14
RAWRVIOLI,25,243,RAWRVIOLI,971,BONESOUP,11548.1,,,LOBSTER,17
RAWRVIOLI,26,258,RAWRVIOLI,1075,BONESOUP,12747.03,,,LOBSTER,20
RAWRVIOLI,27,270,RAWRVIOLI,1172,BONESOUP,13849.29,,,LOBSTER,23
RAWRVIOLI,28,282,RAWRVIOLI,1269,BONESOUP,14944.12,,,LOBSTER,27
RAWRVIOLI,29,294,RAWRVIOLI,1368,BONESOUP,16031.32,,,LOBSTER,32
RAWRVIOLI,30,303,RAWRVIOLI,1458,BONESOUP,17002.9,,,LOBSTER,37
RAWRVIOLI,31,315,RAWRVIOLI,1565,BONESOUP,18136.16,,,LOBSTER,43
RAWRVIOLI,32,327,RAWRVIOLI,1675,BONESOUP,19271.38,,,LOBSTER,50
RAWRVIOLI,33,339,RAWRVIOLI,1784,BONESOUP,20349.73,,,LOBSTER,58
RAWRVIOLI,34,348,RAWRVIOLI,1885,BONESOUP,21289.38,,,LOBSTER,67
RAWRVIOLI,35,360,RAWRVIOLI,2000,BONESOUP,22325.6,,,LOBSTER,78
SUSHI,1,7.5,SUSHI,1,FUGU,6,,,DYNOFISH,1
SUSHI,2,7.5,SUSHI,2,FUGU,12,,,SUSHI,2
SUSHI,3,8.25,SUSHI,3,FUGU,18,,,SUSHI,6
SUSHI,4,9,SUSHI,4,FUGU,24,,,SUSHI,8
SUSHI,5,10,SUSHI,5,FUGU,30,,,SUSHI,11
SUSHI,6,11.5,SUSHI,6,FUGU,36,,,SUSHI,14
SUSHI,7,14.5,SUSHI,8,FUGU,48,,,SUSHI,19
SUSHI,8,19.66666667,SUSHI,11,FUGU,66,,,DYNODESSERT,2
SUSHI,9,25,SUSHI,15,FUGU,90,,,DYNODESSERT,3
SUSHI,10,33,SUSHI,21,FUGU,126,,,DYNODESSERT,4
SUSHI,11,43,SUSHI,29,FUGU,174,,,DYNODESSERT,5
SUSHI,12,55,SUSHI,39,FUGU,234,,,DYNODESSERT,7
SUSHI,13,68,SUSHI,51,FUGU,306,,,DYNODESSERT,9
SUSHI,14,80,SUSHI,64,FUGU,384,,,SASHIMI,12
SUSHI,15,90,SUSHI,77,FUGU,462,,,SASHIMI,16
SUSHI,16,105,SUSHI,97,FUGU,582,,,SASHIMI,21
SUSHI,17,120,SUSHI,123,FUGU,738,,,SASHIMI,29
SUSHI,18,138,SUSHI,159,FUGU,954,,,SASHIMI,33
SUSHI,19,153,SUSHI,202,FUGU,1212,,,SASHIMI,37
SUSHI,20,168,SUSHI,231,FUGU,1386,,,LOBSTER,7
SUSHI,21,183,SUSHI,262,FUGU,1569.64,,,LOBSTER,9
SUSHI,22,198,SUSHI,294,FUGU,1758.74,,,LOBSTER,10
SUSHI,23,213,SUSHI,327,FUGU,1953.2,,,LOBSTER,12
SUSHI,24,228,SUSHI,361,FUGU,2152.03,,,LOBSTER,14
SUSHI,25,243,SUSHI,396,FUGU,2354.81,,,LOBSTER,17
SUSHI,26,258,SUSHI,433,FUGU,2567.21,,,LOBSTER,20
SUSHI,27,273,SUSHI,471,FUGU,2782.86,,,LOBSTER,23
SUSHI,28,288,SUSHI,509,FUGU,2997.04,,,LOBSTER,27
SUSHI,29,303,SUSHI,550,FUGU,3222.67,,,LOBSTER,32
SUSHI,30,318,SUSHI,590,FUGU,3440.23,,,LOBSTER,37
SUSHI,31,333,SUSHI,632,FUGU,3662,,,LOBSTER,43
SUSHI,32,348,SUSHI,674,FUGU,3877.25,,,LOBSTER,50
SUSHI,33,360,SUSHI,712,FUGU,4060.82,,,LOBSTER,58
SUSHI,34,375,SUSHI,756,FUGU,4269.21,,,LOBSTER,67
SUSHI,35,390,SUSHI,801,FUGU,4470.7,,,LOBSTER,78
DYNODESSERT,1,30,DYNODESSERT,1,FUGU,26,RAWRVIOLI,16,DYNOFISH,1
DYNODESSERT,2,37.2,DYNODESSERT,2,FUGU,52,RAWRVIOLI,32,DYNODESSERT,2
DYNODESSERT,3,43.8,DYNODESSERT,3,FUGU,78,RAWRVIOLI,48,DYNODESSERT,3
DYNODESSERT,4,51,DYNODESSERT,4,FUGU,104,RAWRVIOLI,64,DYNODESSERT,5
DYNODESSERT,5,58.8,DYNODESSERT,5,FUGU,130,RAWRVIOLI,80,DYNODESSERT,7
DYNODESSERT,6,67.8,DYNODESSERT,6,FUGU,156,RAWRVIOLI,96,DYNODESSERT,10
DYNODESSERT,7,76.8,DYNODESSERT,7,FUGU,182,RAWRVIOLI,112,SASHIMI,13
DYNODESSERT,8,87,DYNODESSERT,9,FUGU,234,RAWRVIOLI,144,SASHIMI,22
DYNODESSERT,9,97.8,DYNODESSERT,11,FUGU,286,RAWRVIOLI,176,SASHIMI,34
DYNODESSERT,10,109.2,DYNODESSERT,14,FUGU,364,RAWRVIOLI,224,LOBSTER,7
DYNODESSERT,11,121.8,DYNODESSERT,17,FUGU,442,RAWRVIOLI,272,LOBSTER,9
DYNODESSERT,12,135,DYNODESSERT,20,FUGU,520,RAWRVIOLI,320,LOBSTER,10
DYNODESSERT,13,148.8,DYNODESSERT,24,FUGU,624,RAWRVIOLI,384,LOBSTER,13
DYNODESSERT,14,163.8,DYNODESSERT,29,FUGU,754,RAWRVIOLI,464,LOBSTER,15
DYNODESSERT,15,180,DYNODESSERT,35,FUGU,910,RAWRVIOLI,560,LOBSTER,17
DYNODESSERT,16,196.8,DYNODESSERT,42,FUGU,1090.37,RAWRVIOLI,670.99,LOBSTER,20
DYNODESSERT,17,216,DYNODESSERT,50,FUGU,1296.11,RAWRVIOLI,797.61,LOBSTER,23
DYNODESSERT,18,235.8,DYNODESSERT,60,FUGU,1551.47,RAWRVIOLI,954.75,LOBSTER,27
DYNODESSERT,19,256.8,DYNODESSERT,72,FUGU,1855.3,RAWRVIOLI,1141.73,LOBSTER,31
DYNODESSERT,20,280.2,DYNODESSERT,85,FUGU,2180.56,RAWRVIOLI,1341.89,LOBSTER,37
DYNODESSERT,21,304.2,DYNODESSERT,99,FUGU,2524.77,RAWRVIOLI,1553.71,LOBSTER,45
DYNODESSERT,22,330,DYNODESSERT,113,FUGU,2859.36,RAWRVIOLI,1759.61,LOBSTER,54
DYNODESSERT,23,358.2,DYNODESSERT,128,FUGU,3204.62,RAWRVIOLI,1972.07,LOBSTER,65
DYNODESSERT,24,388.2,DYNODESSERT,144,FUGU,3552.18,RAWRVIOLI,2185.96,LOBSTER,79
DYNODESSERT,25,420,DYNODESSERT,161,FUGU,3893.95,RAWRVIOLI,2396.28,LOBSTER,97
SASHIMI,1,40,SASHIMI,1,BONESOUP,115,SUSHI,8,DYNOFISH,1
SASHIMI,2,60,SASHIMI,2,BONESOUP,230,SUSHI,16,SASHIMI,2
SASHIMI,3,80,SASHIMI,3,BONESOUP,345,SUSHI,24,SASHIMI,3
SASHIMI,4,100,SASHIMI,4,BONESOUP,460,SUSHI,32,SASHIMI,5
SASHIMI,5,111,SASHIMI,5,BONESOUP,575,SUSHI,40,SASHIMI,8
SASHIMI,6,120,SASHIMI,6,BONESOUP,690,SUSHI,48,SASHIMI,11
SASHIMI,7,140,SASHIMI,8,BONESOUP,920,SUSHI,64,SASHIMI,15
SASHIMI,8,160,SASHIMI,10,BONESOUP,1150,SUSHI,80,SASHIMI,24
SASHIMI,9,180,SASHIMI,12,BONESOUP,1380,SUSHI,96,SASHIMI,36
SASHIMI,10,210,SASHIMI,15,BONESOUP,1725,SUSHI,120,LOBSTER,7
SASHIMI,11,240,SASHIMI,19,BONESOUP,2185,SUSHI,152,LOBSTER,9
SASHIMI,12,270,SASHIMI,24,BONESOUP,2760,SUSHI,192,LOBSTER,11
SASHIMI,13,279,SASHIMI,27,BONESOUP,3105,SUSHI,216,LOBSTER,13
SASHIMI,14,285,SASHIMI,32,BONESOUP,3680,SUSHI,256,LOBSTER,16
SASHIMI,15,294,SASHIMI,38,BONESOUP,4370,SUSHI,304,LOBSTER,18
SASHIMI,16,306,SASHIMI,44,BONESOUP,5052.42,SUSHI,351.47,LOBSTER,21
SASHIMI,17,315,SASHIMI,51,BONESOUP,5847.46,SUSHI,406.78,LOBSTER,24
SASHIMI,18,327,SASHIMI,58,BONESOUP,6633.52,SUSHI,461.46,LOBSTER,27
SASHIMI,19,336,SASHIMI,65,BONESOUP,7408.32,SUSHI,515.36,LOBSTER,32
SASHIMI,20,348,SASHIMI,72,BONESOUP,8169.71,SUSHI,568.32,LOBSTER,38
SASHIMI,21,360,SASHIMI,80,BONESOUP,9024.03,SUSHI,627.76,LOBSTER,45
SASHIMI,22,375,SASHIMI,88,BONESOUP,9849.14,SUSHI,685.16,LOBSTER,54
SASHIMI,23,390,SASHIMI,97,BONESOUP,10741.45,SUSHI,747.23,LOBSTER,65
SASHIMI,24,405,SASHIMI,106,BONESOUP,11565.47,SUSHI,804.55,LOBSTER,79
SASHIMI,25,420,SASHIMI,116,BONESOUP,12409.3,SUSHI,863.26,LOBSTER,97
LOBSTER,1,90,LOBSTER,1,DYNODESSERT,4,SASHIMI,3,DYNOFISH,1
LOBSTER,2,120,LOBSTER,2,DYNODESSERT,8,SASHIMI,6,LOBSTER,2
LOBSTER,3,150,LOBSTER,3,DYNODESSERT,12,SASHIMI,9,LOBSTER,3
LOBSTER,4,180,LOBSTER,4,DYNODESSERT,16,SASHIMI,12,LOBSTER,4
LOBSTER,5,210,LOBSTER,5,DYNODESSERT,20,SASHIMI,15,LOBSTER,5
LOBSTER,6,219,LOBSTER,7,DYNODESSERT,28,SASHIMI,21,LOBSTER,7
LOBSTER,7,228,LOBSTER,9,DYNODESSERT,36,SASHIMI,27,LOBSTER,9
LOBSTER,8,237,LOBSTER,11,DYNODESSERT,44,SASHIMI,33,LOBSTER,11
LOBSTER,9,246,LOBSTER,14,DYNODESSERT,56,SASHIMI,42,LOBSTER,14
LOBSTER,10,258,LOBSTER,16,DYNODESSERT,64,SASHIMI,48,LOBSTER,17
LOBSTER,11,270,LOBSTER,19,DYNODESSERT,76,SASHIMI,57,LOBSTER,20
LOBSTER,12,279,LOBSTER,22,DYNODESSERT,88,SASHIMI,66,LOBSTER,24
LOBSTER,13,291,LOBSTER,25,DYNODESSERT,100,SASHIMI,75,LOBSTER,29
LOBSTER,14,303,LOBSTER,29,DYNODESSERT,116,SASHIMI,87,LOBSTER,34
LOBSTER,15,318,LOBSTER,34,DYNODESSERT,136,SASHIMI,102,LOBSTER,39
LOBSTER,16,330,LOBSTER,39,DYNODESSERT,155.61,SASHIMI,116.71,LOBSTER,45
LOBSTER,17,345,LOBSTER,45,DYNODESSERT,178.92,SASHIMI,134.19,LOBSTER,51
LOBSTER,18,360,LOBSTER,50,DYNODESSERT,197.92,SASHIMI,148.44,LOBSTER,59
LOBSTER,19,375,LOBSTER,57,DYNODESSERT,224.19,SASHIMI,168.14,LOBSTER,69
LOBSTER,20,390,LOBSTER,63,DYNODESSERT,245.61,SASHIMI,184.21,LOBSTER,82
LOBSTER,21,405,LOBSTER,69,DYNODESSERT,265.9,SASHIMI,199.42,LOBSTER,96
LOBSTER,22,423,LOBSTER,77,DYNODESSERT,292.08,SASHIMI,219.07,LOBSTER,114
LOBSTER,23,441,LOBSTER,84,DYNODESSERT,311.98,SASHIMI,233.98,LOBSTER,135
LOBSTER,24,459,LOBSTER,92,DYNODESSERT,332.13,SASHIMI,249.1,LOBSTER,162
LOBSTER,25,480,LOBSTER,100,DYNODESSERT,347.83,SASHIMI,260.87,LOBSTER,194
DYNOFISH,1,0.25,DYNOFISH,20,WORMS,20,,,NAN,
DYNOFISH,2,0.5,DYNOFISH,54,WORMS,54,,,FISHBONE,16
DYNOFISH,3,0.75,DYNOFISH,102,WORMS,102,,,FISHBONE,26
DYNOFISH,4,1.25,DYNOFISH,200,WORMS,200,,,FISHBONE,40
DYNOFISH,5,2,DYNOFISH,360,WORMS,360,,,FISHBONE,60
DYNOFISH,6,3,DYNOFISH,600,WORMS,600,,,BONESOUP,6
DYNOFISH,7,4.5,DYNOFISH,975,WORMS,975,,,FUGU,2
DYNOFISH,8,6,DYNOFISH,1500,WORMS,1500,,,BONESOUP,17
DYNOFISH,9,8,DYNOFISH,2150,WORMS,2150,,,FUGU,5
DYNOFISH,10,10,DYNOFISH,3000,WORMS,3000,,,RAWRVIOLI,3
DYNOFISH,11,15,DYNOFISH,4600,WORMS,4600,,,SUSHI,2
DYNOFISH,12,20,DYNOFISH,6750,WORMS,6750,,,RAWRVIOLI,5
DYNOFISH,13,30,DYNOFISH,10500,WORMS,10500,,,SUSHI,4
DYNOFISH,14,37.5,DYNOFISH,14000,WORMS,14000,,,RAWRVIOLI,11
DYNOFISH,15,45,DYNOFISH,17500,WORMS,17500,,,SUSHI,8
DYNOFISH,16,60,DYNOFISH,23500,WORMS,23500,,,RAWRVIOLI,24
DYNOFISH,17,65,DYNOFISH,26500,WORMS,26500,,,SUSHI,16
DYNOFISH,18,70,DYNOFISH,29500,WORMS,29500,,,DYNODESSERT,2
DYNOFISH,19,72.5,DYNOFISH,33000,WORMS,33000,,,SASHIMI,2
DYNOFISH,20,75,DYNOFISH,36500,WORMS,36500,,,DYNODESSERT,3
DYNOFISH,21,80,DYNOFISH,41000,WORMS,41000,,,SASHIMI,5
DYNOFISH,22,84,DYNOFISH,46000,WORMS,46000,,,DYNODESSERT,7
DYNOFISH,23,88,DYNOFISH,51500,WORMS,51500,,,SASHIMI,9
DYNOFISH,24,92,DYNOFISH,58500,WORMS,58500,,,LOBSTER,2
DYNOFISH,25,96,DYNOFISH,66000,WORMS,66000,,,DYNODESSERT,17
DYNOFISH,26,100,DYNOFISH,75000,WORMS,75000,,,SASHIMI,22
DYNOFISH,27,102.5,DYNOFISH,85000,WORMS,85000,,,LOBSTER,4
DYNOFISH,28,107.5,DYNOFISH,100000,WORMS,100000,,,LOBSTER,6
DYNOFISH,29,110,DYNOFISH,112500,WORMS,112500,,,LOBSTER,7
DYNOFISH,30,115,DYNOFISH,122500,WORMS,122500,,,LOBSTER,9
DYNOFISH,31,120,DYNOFISH,130000,WORMS,129875,,,LOBSTER,10
DYNOFISH,32,138,DYNOFISH,150650,WORMS,150350,,,LOBSTER,11
DYNOFISH,33,156,DYNOFISH,171600,WORMS,171075,,,LOBSTER,12
DYNOFISH,34,168,DYNOFISH,186317,WORMS,185575,,,LOBSTER,13
DYNOFISH,35,186,DYNOFISH,207959,WORMS,206825,,,LOBSTER,14
DYNOFISH,36,198,DYNOFISH,223300,WORMS,221750,,,LOBSTER,16
DYNOFISH,37,216,DYNOFISH,245700,WORMS,243625,,,LOBSTER,17
DYNOFISH,38,228,DYNOFISH,261725,WORMS,259000,,,LOBSTER,18
DYNOFISH,39,240,DYNOFISH,278167,WORMS,274875,,,LOBSTER,20
DYNOFISH,40,252,DYNOFISH,295050,WORMS,290825,,,LOBSTER,22
DYNOFISH,41,264,DYNOFISH,312217,WORMS,307150,,,LOBSTER,24
DYNOFISH,42,276,DYNOFISH,329859,WORMS,323550,,,LOBSTER,26
DYNOFISH,43,288,DYNOFISH,348000,WORMS,340500,,,LOBSTER,29
DYNOFISH,44,300,DYNOFISH,366459,WORMS,357525,,,LOBSTER,31
DYNOFISH,45,312,DYNOFISH,385667,WORMS,374975,,,LOBSTER,34
DYNOFISH,46,324,DYNOFISH,405225,WORMS,392475,,,LOBSTER,37
DYNOFISH,47,330,DYNOFISH,417771,WORMS,403050,,,LOBSTER,40
DYNOFISH,48,342,DYNOFISH,438425,WORMS,421150,,,LOBSTER,44
DYNOFISH,49,348,DYNOFISH,452159,WORMS,432275,,,LOBSTER,47
DYNOFISH,50,360,DYNOFISH,474000,WORMS,450575,,,LOBSTER,51
DYNOFISH,51,360,DYNOFISH,480750,WORMS,454400,,,LOBSTER,56
DYNOFISH,52,360,DYNOFISH,487500,WORMS,457950,,,LOBSTER,61
DYNOFISH,53,360,DYNOFISH,494750,WORMS,461525,,,LOBSTER,66
DYNOFISH,54,360,DYNOFISH,502250,WORMS,465050,,,LOBSTER,72
DYNOFISH,55,360,DYNOFISH,510250,WORMS,468325,,,LOBSTER,78
DYNOFISH,56,360,DYNOFISH,518500,WORMS,471800,,,LOBSTER,84
DYNOFISH,57,360,DYNOFISH,527000,WORMS,474775,,,LOBSTER,91
DYNOFISH,58,360,DYNOFISH,536000,WORMS,477725,,,LOBSTER,99
DYNOFISH,59,360,DYNOFISH,545250,WORMS,480175,,,LOBSTER,107
DYNOFISH,60,360,DYNOFISH,555000,WORMS,482600,,,LOBSTER,116